qudt_uri,bsdd_code,source
http://qudt.org/vocab/unit/A,A,bsdd-api
http://qudt.org/vocab/unit/AC-FT,,
http://qudt.org/vocab/unit/AC-FT_US,,
http://qudt.org/vocab/unit/ANGSTROM,Ao,bsdd-api
http://qudt.org/vocab/unit/ANGSTROM3,,
http://qudt.org/vocab/unit/ARCMIN,',bsdd-api
http://qudt.org/vocab/unit/ARCSEC,,
http://qudt.org/vocab/unit/ATM,atm,bsdd-api
http://qudt.org/vocab/unit/ATM_T,,
http://qudt.org/vocab/unit/AU,,
http://qudt.org/vocab/unit/A_Ab,,
http://qudt.org/vocab/unit/A_Stat,,
http://qudt.org/vocab/unit/AttoA,,
http://qudt.org/vocab/unit/AttoJ,,
http://qudt.org/vocab/unit/AttoSEC,,
http://qudt.org/vocab/unit/BAR,bar,bsdd-api
http://qudt.org/vocab/unit/BAR-L-PER-SEC,,
http://qudt.org/vocab/unit/BAR-M3-PER-SEC,,
http://qudt.org/vocab/unit/BAR-PER-BAR,,
http://qudt.org/vocab/unit/BARAD,,
http://qudt.org/vocab/unit/BARYE,,
http://qudt.org/vocab/unit/BAR_A,,
http://qudt.org/vocab/unit/BBL,bbl,bsdd-api
http://qudt.org/vocab/unit/BBL_UK_PET,,
http://qudt.org/vocab/unit/BBL_UK_PET-PER-DAY,,
http://qudt.org/vocab/unit/BBL_UK_PET-PER-HR,,
http://qudt.org/vocab/unit/BBL_UK_PET-PER-MIN,,
http://qudt.org/vocab/unit/BBL_UK_PET-PER-SEC,,
http://qudt.org/vocab/unit/BBL_US-PER-DAY,,
http://qudt.org/vocab/unit/BBL_US-PER-MIN,,
http://qudt.org/vocab/unit/BBL_US_PET-PER-HR,,
http://qudt.org/vocab/unit/BBL_US_PET-PER-SEC,,
http://qudt.org/vocab/unit/BFT,Bft,bsdd-api
http://qudt.org/vocab/unit/BIOT,,
http://qudt.org/vocab/unit/BQ-PER-M3,,
http://qudt.org/vocab/unit/BTU_39DEG_F,,
http://qudt.org/vocab/unit/BTU_59DEG_F,,
http://qudt.org/vocab/unit/BTU_60DEG_F,,
http://qudt.org/vocab/unit/BTU_IT,BTU,bsdd-api
http://qudt.org/vocab/unit/BTU_IT-PER-HR,BTU/h,bsdd-api
http://qudt.org/vocab/unit/BTU_IT-PER-LB_F,,
http://qudt.org/vocab/unit/BTU_IT-PER-SEC,,
http://qudt.org/vocab/unit/BTU_MEAN,,
http://qudt.org/vocab/unit/BTU_TH,,
http://qudt.org/vocab/unit/BTU_TH-PER-HR,,
http://qudt.org/vocab/unit/BU_UK-PER-DAY,,
http://qudt.org/vocab/unit/BU_UK-PER-HR,,
http://qudt.org/vocab/unit/BU_UK-PER-MIN,,
http://qudt.org/vocab/unit/BU_UK-PER-SEC,,
http://qudt.org/vocab/unit/BU_US_DRY,,
http://qudt.org/vocab/unit/BU_US_DRY-PER-DAY,,
http://qudt.org/vocab/unit/BU_US_DRY-PER-HR,,
http://qudt.org/vocab/unit/BU_US_DRY-PER-MIN,,
http://qudt.org/vocab/unit/BU_US_DRY-PER-SEC,,
http://qudt.org/vocab/unit/BasePair,,
http://qudt.org/vocab/unit/CAL_15DEG_C,,
http://qudt.org/vocab/unit/CAL_20DEG_C,,
http://qudt.org/vocab/unit/CAL_IT,cal,bsdd-api
http://qudt.org/vocab/unit/CAL_MEAN,,
http://qudt.org/vocab/unit/CAL_TH,,
http://qudt.org/vocab/unit/CD-PER-FT2,,
http://qudt.org/vocab/unit/CD-PER-IN2,,
http://qudt.org/vocab/unit/CD-PER-M2,cd/m²,bsdd-api
http://qudt.org/vocab/unit/CHAIN,,
http://qudt.org/vocab/unit/CHAIN_US,,
http://qudt.org/vocab/unit/COUNT,,
http://qudt.org/vocab/unit/CYC-PER-SEC,,
http://qudt.org/vocab/unit/CentiBAR,,
http://qudt.org/vocab/unit/CentiM,cm,bsdd-api
http://qudt.org/vocab/unit/CentiM3,cm³,bsdd-api
http://qudt.org/vocab/unit/CentiM3-PER-DAY,,
http://qudt.org/vocab/unit/CentiM3-PER-HR,,
http://qudt.org/vocab/unit/CentiM3-PER-MIN,,
http://qudt.org/vocab/unit/CentiM3-PER-SEC,,
http://qudt.org/vocab/unit/CentiM_H2O,cmH₂O,bsdd-api
http://qudt.org/vocab/unit/CentiM_H2O_4DEG_C,,
http://qudt.org/vocab/unit/CentiM_HG,cmHg,bsdd-api
http://qudt.org/vocab/unit/CentiM_HG_0DEG_C,,
http://qudt.org/vocab/unit/CentiN-M,,
http://qudt.org/vocab/unit/CentiPOISE-PER-BAR,,
http://qudt.org/vocab/unit/DAY,day,bsdd-api
http://qudt.org/vocab/unit/DAY_Sidereal,,
http://qudt.org/vocab/unit/DECADE,,
http://qudt.org/vocab/unit/DEG,deg,bsdd-api
http://qudt.org/vocab/unit/DEG-PER-HR,,
http://qudt.org/vocab/unit/DEG-PER-MIN,,
http://qudt.org/vocab/unit/DEG-PER-SEC,,
http://qudt.org/vocab/unit/DEGREE_BALLING,,
http://qudt.org/vocab/unit/DEGREE_BAUME,,
http://qudt.org/vocab/unit/DEGREE_BAUME_US_HEAVY,,
http://qudt.org/vocab/unit/DEGREE_BAUME_US_LIGHT,,
http://qudt.org/vocab/unit/DEGREE_BRIX,,
http://qudt.org/vocab/unit/DEGREE_OECHSLE,,
http://qudt.org/vocab/unit/DEGREE_PLATO,,
http://qudt.org/vocab/unit/DEGREE_TWADDELL,,
http://qudt.org/vocab/unit/DEG_C,°C,bsdd-api
http://qudt.org/vocab/unit/DEG_C_GROWING_CEREAL,,
http://qudt.org/vocab/unit/DEG_F,°F,bsdd-api
http://qudt.org/vocab/unit/DEG_R,,
http://qudt.org/vocab/unit/DYN-CentiM,,
http://qudt.org/vocab/unit/DYN-M,,
http://qudt.org/vocab/unit/DYN-PER-CentiM2,,
http://qudt.org/vocab/unit/DecaK,,
http://qudt.org/vocab/unit/DecaL,,
http://qudt.org/vocab/unit/DecaM,,
http://qudt.org/vocab/unit/DecaM3,,
http://qudt.org/vocab/unit/DecaPA,,
http://qudt.org/vocab/unit/DeciBAR,,
http://qudt.org/vocab/unit/DeciB_M,dBm,bsdd-api
http://qudt.org/vocab/unit/DeciL,,
http://qudt.org/vocab/unit/DeciM,dm,bsdd-api
http://qudt.org/vocab/unit/DeciM3,,
http://qudt.org/vocab/unit/DeciM3-PER-DAY,,
http://qudt.org/vocab/unit/DeciM3-PER-HR,,
http://qudt.org/vocab/unit/DeciM3-PER-MIN,,
http://qudt.org/vocab/unit/DeciM3-PER-SEC,,
http://qudt.org/vocab/unit/DeciN-M,,
http://qudt.org/vocab/unit/DeciSEC,,
http://qudt.org/vocab/unit/ERG,,
http://qudt.org/vocab/unit/ERG-PER-SEC,,
http://qudt.org/vocab/unit/EV,,
http://qudt.org/vocab/unit/E_h,,
http://qudt.org/vocab/unit/ExaJ,,
http://qudt.org/vocab/unit/ExaJ-PER-SEC,,
http://qudt.org/vocab/unit/ExaV,,
http://qudt.org/vocab/unit/ExaVA,,
http://qudt.org/vocab/unit/ExaW,,
http://qudt.org/vocab/unit/FATH,,
http://qudt.org/vocab/unit/FBM,,
http://qudt.org/vocab/unit/FC,fc,bsdd-api
http://qudt.org/vocab/unit/FLIGHT,,
http://qudt.org/vocab/unit/FM,,
http://qudt.org/vocab/unit/FRACTION,,
http://qudt.org/vocab/unit/FT,ft,bsdd-api
http://qudt.org/vocab/unit/FT-LB_F,,
http://qudt.org/vocab/unit/FT-LB_F-PER-HR,,
http://qudt.org/vocab/unit/FT-LB_F-PER-MIN,,
http://qudt.org/vocab/unit/FT-LB_F-PER-SEC,ft·lbs/sec,bsdd-api
http://qudt.org/vocab/unit/FT-PDL,,
http://qudt.org/vocab/unit/FT-PER-HR,,
http://qudt.org/vocab/unit/FT-PER-SEC,ft/s,bsdd-api
http://qudt.org/vocab/unit/FT2,ft²,bsdd-api
http://qudt.org/vocab/unit/FT3,ft³,bsdd-api
http://qudt.org/vocab/unit/FT3-PER-DAY,,
http://qudt.org/vocab/unit/FT3-PER-HR,,
http://qudt.org/vocab/unit/FT3-PER-MIN,,
http://qudt.org/vocab/unit/FT3-PER-MIN-FT2,,
http://qudt.org/vocab/unit/FT3-PER-SEC,,
http://qudt.org/vocab/unit/FT_H2O,,
http://qudt.org/vocab/unit/FT_H2O_39dot2DEG_F,,
http://qudt.org/vocab/unit/FT_HG,,
http://qudt.org/vocab/unit/FT_US,,
http://qudt.org/vocab/unit/FUR,,
http://qudt.org/vocab/unit/FemtoA,,
http://qudt.org/vocab/unit/FemtoGM-PER-L,,
http://qudt.org/vocab/unit/FemtoJ,,
http://qudt.org/vocab/unit/FemtoL,,
http://qudt.org/vocab/unit/FemtoM,,
http://qudt.org/vocab/unit/FemtoSEC,,
http://qudt.org/vocab/unit/FemtoV,,
http://qudt.org/vocab/unit/GAL_UK-PER-DAY,,
http://qudt.org/vocab/unit/GAL_UK-PER-HR,,
http://qudt.org/vocab/unit/GAL_UK-PER-MIN,galUK/min,bsdd-api
http://qudt.org/vocab/unit/GAL_UK-PER-SEC,,
http://qudt.org/vocab/unit/GAL_US-PER-DAY,,
http://qudt.org/vocab/unit/GAL_US-PER-HR,,
http://qudt.org/vocab/unit/GAL_US-PER-MIN,,
http://qudt.org/vocab/unit/GAL_US-PER-SEC,,
http://qudt.org/vocab/unit/GAUGE_FR,,
http://qudt.org/vocab/unit/GA_Charriere,,
http://qudt.org/vocab/unit/GI_UK,,
http://qudt.org/vocab/unit/GI_UK-PER-DAY,,
http://qudt.org/vocab/unit/GI_UK-PER-HR,,
http://qudt.org/vocab/unit/GI_UK-PER-MIN,,
http://qudt.org/vocab/unit/GI_UK-PER-SEC,,
http://qudt.org/vocab/unit/GI_US,,
http://qudt.org/vocab/unit/GI_US-PER-DAY,,
http://qudt.org/vocab/unit/GI_US-PER-HR,,
http://qudt.org/vocab/unit/GI_US-PER-MIN,,
http://qudt.org/vocab/unit/GI_US-PER-SEC,,
http://qudt.org/vocab/unit/GM-PER-CentiM3,g/cm³,bsdd-api
http://qudt.org/vocab/unit/GM-PER-DeciL,,
http://qudt.org/vocab/unit/GM-PER-DeciM3,,
http://qudt.org/vocab/unit/GM-PER-L,g/l,bsdd-api
http://qudt.org/vocab/unit/GM-PER-M3,g/m³,bsdd-api
http://qudt.org/vocab/unit/GM-PER-MilliL,,
http://qudt.org/vocab/unit/GM_F-PER-CentiM2,,
http://qudt.org/vocab/unit/GON,,
http://qudt.org/vocab/unit/GR,,
http://qudt.org/vocab/unit/GRAD,°,bsdd-api
http://qudt.org/vocab/unit/GRAIN-PER-GAL_IMP,,
http://qudt.org/vocab/unit/GRAIN-PER-GAL_US,,
http://qudt.org/vocab/unit/GRAIN-PER-LB_M,,
http://qudt.org/vocab/unit/GRAIN-PER-M3,,
http://qudt.org/vocab/unit/GigaA,,
http://qudt.org/vocab/unit/GigaBasePair,,
http://qudt.org/vocab/unit/GigaEV,,
http://qudt.org/vocab/unit/GigaHZ,,
http://qudt.org/vocab/unit/GigaHZ-M,,
http://qudt.org/vocab/unit/GigaJ,,
http://qudt.org/vocab/unit/GigaJ-PER-HR,,
http://qudt.org/vocab/unit/GigaJ-PER-SEC,,
http://qudt.org/vocab/unit/GigaPA,GPa,bsdd-api
http://qudt.org/vocab/unit/GigaV,,
http://qudt.org/vocab/unit/GigaVA,,
http://qudt.org/vocab/unit/GigaVAR,,
http://qudt.org/vocab/unit/GigaW,,
http://qudt.org/vocab/unit/GigaW-HR,,
http://qudt.org/vocab/unit/H-PER-KiloOHM,,
http://qudt.org/vocab/unit/H-PER-OHM,,
http://qudt.org/vocab/unit/HP,hp,bsdd-api
http://qudt.org/vocab/unit/HP_Boiler,,
http://qudt.org/vocab/unit/HP_Brake,,
http://qudt.org/vocab/unit/HP_Electric,,
http://qudt.org/vocab/unit/HP_H2O,,
http://qudt.org/vocab/unit/HP_Metric,,
http://qudt.org/vocab/unit/HR,hr,bsdd-api
http://qudt.org/vocab/unit/HR_Sidereal,,
http://qudt.org/vocab/unit/HZ,Hz,bsdd-api
http://qudt.org/vocab/unit/HZ-M,,
http://qudt.org/vocab/unit/HectoBAR,,
http://qudt.org/vocab/unit/HectoHZ,,
http://qudt.org/vocab/unit/HectoL,hL,bsdd-api
http://qudt.org/vocab/unit/HectoM,,
http://qudt.org/vocab/unit/HectoPA,hPa,bsdd-api
http://qudt.org/vocab/unit/HectoPA-L-PER-SEC,,
http://qudt.org/vocab/unit/HectoPA-M3-PER-SEC,,
http://qudt.org/vocab/unit/HectoPA-PER-BAR,,
http://qudt.org/vocab/unit/IN,in,bsdd-api
http://qudt.org/vocab/unit/IN-PDL,,
http://qudt.org/vocab/unit/IN-PER-YR,,
http://qudt.org/vocab/unit/IN3,in³,bsdd-api
http://qudt.org/vocab/unit/IN3-PER-HR,,
http://qudt.org/vocab/unit/IN3-PER-MIN,,
http://qudt.org/vocab/unit/IN3-PER-SEC,,
http://qudt.org/vocab/unit/IN_H2O,in/wc,bsdd-api
http://qudt.org/vocab/unit/IN_H2O_39dot2DEG_F,,
http://qudt.org/vocab/unit/IN_H2O_60DEG_F,,
http://qudt.org/vocab/unit/IN_HG,inHg,bsdd-api
http://qudt.org/vocab/unit/IN_HG_32DEG_F,,
http://qudt.org/vocab/unit/IN_HG_60DEG_F,,
http://qudt.org/vocab/unit/J,J,bsdd-api
http://qudt.org/vocab/unit/J-PER-DAY,,
http://qudt.org/vocab/unit/J-PER-HR,J/h,bsdd-api
http://qudt.org/vocab/unit/J-PER-MIN,,
http://qudt.org/vocab/unit/J-PER-SEC,,
http://qudt.org/vocab/unit/K,K,bsdd-api
http://qudt.org/vocab/unit/KIP_F-PER-IN2,,
http://qudt.org/vocab/unit/KiloA,kA,bsdd-api
http://qudt.org/vocab/unit/KiloBAR,,
http://qudt.org/vocab/unit/KiloBTU_IT,,
http://qudt.org/vocab/unit/KiloBTU_IT-PER-HR,,
http://qudt.org/vocab/unit/KiloBTU_TH,,
http://qudt.org/vocab/unit/KiloCAL,,
http://qudt.org/vocab/unit/KiloCAL-PER-MIN,,
http://qudt.org/vocab/unit/KiloCAL-PER-SEC,,
http://qudt.org/vocab/unit/KiloCAL_IT,,
http://qudt.org/vocab/unit/KiloCAL_Mean,,
http://qudt.org/vocab/unit/KiloCAL_TH,,
http://qudt.org/vocab/unit/KiloCubicFT,,
http://qudt.org/vocab/unit/KiloEV,,
http://qudt.org/vocab/unit/KiloGM-PER-CentiM3,,
http://qudt.org/vocab/unit/KiloGM-PER-DeciM3,,
http://qudt.org/vocab/unit/KiloGM-PER-L,,
http://qudt.org/vocab/unit/KiloGM-PER-M-SEC2,,
http://qudt.org/vocab/unit/KiloGM-PER-M3,kg/m³,bsdd-api
http://qudt.org/vocab/unit/KiloGM_F-M,,
http://qudt.org/vocab/unit/KiloGM_F-M-PER-SEC,,
http://qudt.org/vocab/unit/KiloGM_F-PER-CentiM2,,
http://qudt.org/vocab/unit/KiloGM_F-PER-M2,,
http://qudt.org/vocab/unit/KiloGM_F-PER-MilliM2,,
http://qudt.org/vocab/unit/KiloHZ,kHz,bsdd-api
http://qudt.org/vocab/unit/KiloJ,kJ,bsdd-api
http://qudt.org/vocab/unit/KiloJ-PER-DAY,,
http://qudt.org/vocab/unit/KiloJ-PER-HR,,
http://qudt.org/vocab/unit/KiloJ-PER-MIN,,
http://qudt.org/vocab/unit/KiloJ-PER-SEC,,
http://qudt.org/vocab/unit/KiloL,kL,bsdd-api
http://qudt.org/vocab/unit/KiloL-PER-HR,,
http://qudt.org/vocab/unit/KiloLB_F-PER-IN2,,
http://qudt.org/vocab/unit/KiloM,km,bsdd-api
http://qudt.org/vocab/unit/KiloM-PER-HR,km/h,bsdd-api
http://qudt.org/vocab/unit/KiloM-PER-SEC,km/s,bsdd-api
http://qudt.org/vocab/unit/KiloN-M,,
http://qudt.org/vocab/unit/KiloN-PER-CentiM2,,
http://qudt.org/vocab/unit/KiloN-PER-M2,,
http://qudt.org/vocab/unit/KiloN-PER-MilliM2,,
http://qudt.org/vocab/unit/KiloPA,kPa,bsdd-api
http://qudt.org/vocab/unit/KiloPA-PER-BAR,,
http://qudt.org/vocab/unit/KiloPA_A,,
http://qudt.org/vocab/unit/KiloSEC,,
http://qudt.org/vocab/unit/KiloV,kV,bsdd-api
http://qudt.org/vocab/unit/KiloVA,,
http://qudt.org/vocab/unit/KiloVA-HR,,
http://qudt.org/vocab/unit/KiloVAR,,
http://qudt.org/vocab/unit/KiloVAR-HR,,
http://qudt.org/vocab/unit/KiloW,kW,bsdd-api
http://qudt.org/vocab/unit/KiloW-HR,kWh,bsdd-api
http://qudt.org/vocab/unit/KiloYR,,
http://qudt.org/vocab/unit/L,l,bsdd-api
http://qudt.org/vocab/unit/L-PER-DAY,,
http://qudt.org/vocab/unit/L-PER-HR,l/h,bsdd-api
http://qudt.org/vocab/unit/L-PER-MIN,l/min,bsdd-api
http://qudt.org/vocab/unit/L-PER-SEC,l/s,bsdd-api
http://qudt.org/vocab/unit/LA,,
http://qudt.org/vocab/unit/LA_FT,,
http://qudt.org/vocab/unit/LB-PER-FT3,,
http://qudt.org/vocab/unit/LB-PER-GAL_IMP,,
http://qudt.org/vocab/unit/LB-PER-GAL_UK,,
http://qudt.org/vocab/unit/LB-PER-GAL_US,,
http://qudt.org/vocab/unit/LB-PER-IN3,,
http://qudt.org/vocab/unit/LB-PER-M3,,
http://qudt.org/vocab/unit/LB-PER-YD3,,
http://qudt.org/vocab/unit/LB_F-FT,,
http://qudt.org/vocab/unit/LB_F-IN,,
http://qudt.org/vocab/unit/LB_F-PER-FT2,,
http://qudt.org/vocab/unit/LB_F-PER-IN2,,
http://qudt.org/vocab/unit/LM-PER-FT2,,
http://qudt.org/vocab/unit/LM-PER-M2,,
http://qudt.org/vocab/unit/LUX,lx,bsdd-api
http://qudt.org/vocab/unit/LY,,
http://qudt.org/vocab/unit/M,m,bsdd-api
http://qudt.org/vocab/unit/M-PER-HR,m/h,bsdd-api
http://qudt.org/vocab/unit/M-PER-SEC,m/s,bsdd-api
http://qudt.org/vocab/unit/M2,m²,bsdd-api
http://qudt.org/vocab/unit/M3,m³,bsdd-api
http://qudt.org/vocab/unit/M3-PER-DAY,,
http://qudt.org/vocab/unit/M3-PER-HR,m³/h,bsdd-api
http://qudt.org/vocab/unit/M3-PER-MIN,m³/min,bsdd-api
http://qudt.org/vocab/unit/M3-PER-SEC,m³/s,bsdd-api
http://qudt.org/vocab/unit/M3-PER-YR,,
http://qudt.org/vocab/unit/MI,mile,bsdd-api
http://qudt.org/vocab/unit/MI-PER-HR,,
http://qudt.org/vocab/unit/MI-PER-SEC,,
http://qudt.org/vocab/unit/MI3,,
http://qudt.org/vocab/unit/MIL,,
http://qudt.org/vocab/unit/MIL_Angle,,
http://qudt.org/vocab/unit/MIN,min,bsdd-api
http://qudt.org/vocab/unit/MIN_Angle,,
http://qudt.org/vocab/unit/MIN_Sidereal,,
http://qudt.org/vocab/unit/MI_N,,
http://qudt.org/vocab/unit/MI_UK,,
http://qudt.org/vocab/unit/MI_UK3,,
http://qudt.org/vocab/unit/MI_US,,
http://qudt.org/vocab/unit/MO,Month,bsdd-api
http://qudt.org/vocab/unit/MO_MeanGREGORIAN,,
http://qudt.org/vocab/unit/MO_MeanJulian,,
http://qudt.org/vocab/unit/MO_Synodic,,
http://qudt.org/vocab/unit/M_H2O,,
http://qudt.org/vocab/unit/MegaA,,
http://qudt.org/vocab/unit/MegaBAR,,
http://qudt.org/vocab/unit/MegaBTU_IT,,
http://qudt.org/vocab/unit/MegaBTU_IT-PER-HR,,
http://qudt.org/vocab/unit/MegaEV,,
http://qudt.org/vocab/unit/MegaGM-PER-M3,,
http://qudt.org/vocab/unit/MegaHZ,MHz,bsdd-api
http://qudt.org/vocab/unit/MegaHZ-M,,
http://qudt.org/vocab/unit/MegaJ,MJ,bsdd-api
http://qudt.org/vocab/unit/MegaJ-PER-HR,,
http://qudt.org/vocab/unit/MegaJ-PER-SEC,,
http://qudt.org/vocab/unit/MegaK,,
http://qudt.org/vocab/unit/MegaL,,
http://qudt.org/vocab/unit/MegaN-M,,
http://qudt.org/vocab/unit/MegaN-PER-M2,,
http://qudt.org/vocab/unit/MegaPA,MPa,bsdd-api
http://qudt.org/vocab/unit/MegaPA-L-PER-SEC,,
http://qudt.org/vocab/unit/MegaPA-M3-PER-SEC,,
http://qudt.org/vocab/unit/MegaPA-PER-BAR,,
http://qudt.org/vocab/unit/MegaPSI,,
http://qudt.org/vocab/unit/MegaSEC,,
http://qudt.org/vocab/unit/MegaTOE,,
http://qudt.org/vocab/unit/MegaV,MV,bsdd-api
http://qudt.org/vocab/unit/MegaVA,,
http://qudt.org/vocab/unit/MegaVA-HR,,
http://qudt.org/vocab/unit/MegaVAR,,
http://qudt.org/vocab/unit/MegaVAR-HR,,
http://qudt.org/vocab/unit/MegaW,MW,bsdd-api
http://qudt.org/vocab/unit/MegaW-HR,MWh,bsdd-api
http://qudt.org/vocab/unit/MegaYR,,
http://qudt.org/vocab/unit/MicroA,µA,bsdd-api
http://qudt.org/vocab/unit/MicroATM,,
http://qudt.org/vocab/unit/MicroBAR,,
http://qudt.org/vocab/unit/MicroGM-PER-DeciL,,
http://qudt.org/vocab/unit/MicroGM-PER-L,,
http://qudt.org/vocab/unit/MicroGM-PER-M3,µg/m³,bsdd-api
http://qudt.org/vocab/unit/MicroGM-PER-MilliL,,
http://qudt.org/vocab/unit/MicroH-PER-KiloOHM,,
http://qudt.org/vocab/unit/MicroH-PER-OHM,,
http://qudt.org/vocab/unit/MicroIN,,
http://qudt.org/vocab/unit/MicroJ,,
http://qudt.org/vocab/unit/MicroJ-PER-SEC,,
http://qudt.org/vocab/unit/MicroL,,
http://qudt.org/vocab/unit/MicroM,µm,bsdd-api
http://qudt.org/vocab/unit/MicroM-PER-MIN,,
http://qudt.org/vocab/unit/MicroM-PER-SEC,,
http://qudt.org/vocab/unit/MicroM3,,
http://qudt.org/vocab/unit/MicroN-M,,
http://qudt.org/vocab/unit/MicroPA,,
http://qudt.org/vocab/unit/MicroRAD,,
http://qudt.org/vocab/unit/MicroSEC,µs,bsdd-api
http://qudt.org/vocab/unit/MicroTORR,,
http://qudt.org/vocab/unit/MicroV,,
http://qudt.org/vocab/unit/MicroVA,,
http://qudt.org/vocab/unit/MicroVAR,,
http://qudt.org/vocab/unit/MicroW,,
http://qudt.org/vocab/unit/MilLength,,
http://qudt.org/vocab/unit/MilliA,mA,bsdd-api
http://qudt.org/vocab/unit/MilliARCSEC,,
http://qudt.org/vocab/unit/MilliBAR,mbar,bsdd-api
http://qudt.org/vocab/unit/MilliBAR-L-PER-SEC,,
http://qudt.org/vocab/unit/MilliBAR-M3-PER-SEC,,
http://qudt.org/vocab/unit/MilliBAR-PER-BAR,,
http://qudt.org/vocab/unit/MilliBAR_A,,
http://qudt.org/vocab/unit/MilliDEG_C,,
http://qudt.org/vocab/unit/MilliGM-PER-DeciL,,
http://qudt.org/vocab/unit/MilliGM-PER-L,mg/l,bsdd-api
http://qudt.org/vocab/unit/MilliGM-PER-M3,mg/m³,bsdd-api
http://qudt.org/vocab/unit/MilliGM-PER-MilliL,,
http://qudt.org/vocab/unit/MilliH-PER-KiloOHM,,
http://qudt.org/vocab/unit/MilliH-PER-OHM,,
http://qudt.org/vocab/unit/MilliHZ,,
http://qudt.org/vocab/unit/MilliIN,,
http://qudt.org/vocab/unit/MilliJ,,
http://qudt.org/vocab/unit/MilliJ-PER-SEC,,
http://qudt.org/vocab/unit/MilliK,,
http://qudt.org/vocab/unit/MilliL,ml,bsdd-api
http://qudt.org/vocab/unit/MilliL-PER-DAY,,
http://qudt.org/vocab/unit/MilliL-PER-HR,,
http://qudt.org/vocab/unit/MilliL-PER-MIN,,
http://qudt.org/vocab/unit/MilliL-PER-SEC,mL/s,bsdd-api
http://qudt.org/vocab/unit/MilliM,mm,bsdd-api
http://qudt.org/vocab/unit/MilliM3,mm³,bsdd-api
http://qudt.org/vocab/unit/MilliM_H2O,,
http://qudt.org/vocab/unit/MilliM_HG,mmHg,bsdd-api
http://qudt.org/vocab/unit/MilliM_HGA,,
http://qudt.org/vocab/unit/MilliN-M,,
http://qudt.org/vocab/unit/MilliPA,,
http://qudt.org/vocab/unit/MilliPA-SEC-PER-BAR,,
http://qudt.org/vocab/unit/MilliRAD,,
http://qudt.org/vocab/unit/MilliSEC,ms,bsdd-api
http://qudt.org/vocab/unit/MilliTORR,,
http://qudt.org/vocab/unit/MilliV,mV,bsdd-api
http://qudt.org/vocab/unit/MilliVA,,
http://qudt.org/vocab/unit/MilliVAR,,
http://qudt.org/vocab/unit/MilliW,mW,bsdd-api
http://qudt.org/vocab/unit/N-CentiM,,
http://qudt.org/vocab/unit/N-M,Nm,bsdd-api
http://qudt.org/vocab/unit/N-PER-CentiM2,,
http://qudt.org/vocab/unit/N-PER-M2,N/m²,bsdd-api
http://qudt.org/vocab/unit/N-PER-MilliM2,N/mm²,bsdd-api
http://qudt.org/vocab/unit/NP,,
http://qudt.org/vocab/unit/NUM,,
http://qudt.org/vocab/unit/NUM-PER-HR,,
http://qudt.org/vocab/unit/NUM-PER-SEC,,
http://qudt.org/vocab/unit/NUM-PER-YR,,
http://qudt.org/vocab/unit/NanoA,,
http://qudt.org/vocab/unit/NanoGM-PER-DeciL,,
http://qudt.org/vocab/unit/NanoGM-PER-L,,
http://qudt.org/vocab/unit/NanoGM-PER-M3,,
http://qudt.org/vocab/unit/NanoGM-PER-MicroL,,
http://qudt.org/vocab/unit/NanoGM-PER-MilliL,,
http://qudt.org/vocab/unit/NanoJ,,
http://qudt.org/vocab/unit/NanoJ-PER-SEC,,
http://qudt.org/vocab/unit/NanoL,,
http://qudt.org/vocab/unit/NanoM,,
http://qudt.org/vocab/unit/NanoSEC,,
http://qudt.org/vocab/unit/NanoV,,
http://qudt.org/vocab/unit/NanoVA,,
http://qudt.org/vocab/unit/NanoVAR,,
http://qudt.org/vocab/unit/NanoW,,
http://qudt.org/vocab/unit/OCT,,
http://qudt.org/vocab/unit/OKTA,,
http://qudt.org/vocab/unit/ONE-PER-ONE,,
http://qudt.org/vocab/unit/OZ-PER-GAL_IMP,,
http://qudt.org/vocab/unit/OZ-PER-GAL_UK,,
http://qudt.org/vocab/unit/OZ-PER-GAL_US,,
http://qudt.org/vocab/unit/OZ-PER-IN3,,
http://qudt.org/vocab/unit/OZ-PER-YD3,,
http://qudt.org/vocab/unit/OZ_F-IN,,
http://qudt.org/vocab/unit/OZ_VOL_UK,,
http://qudt.org/vocab/unit/OZ_VOL_UK-PER-DAY,,
http://qudt.org/vocab/unit/OZ_VOL_UK-PER-HR,,
http://qudt.org/vocab/unit/OZ_VOL_UK-PER-MIN,,
http://qudt.org/vocab/unit/OZ_VOL_UK-PER-SEC,,
http://qudt.org/vocab/unit/OZ_VOL_US-PER-DAY,,
http://qudt.org/vocab/unit/OZ_VOL_US-PER-HR,,
http://qudt.org/vocab/unit/OZ_VOL_US-PER-MIN,,
http://qudt.org/vocab/unit/OZ_VOL_US-PER-SEC,,
http://qudt.org/vocab/unit/PA,Pa,bsdd-api
http://qudt.org/vocab/unit/PA-L-PER-SEC,,
http://qudt.org/vocab/unit/PA-M3-PER-SEC,,
http://qudt.org/vocab/unit/PA-PER-BAR,,
http://qudt.org/vocab/unit/PA-SEC-PER-BAR,,
http://qudt.org/vocab/unit/PARSEC,,
http://qudt.org/vocab/unit/PCA,,
http://qudt.org/vocab/unit/PDL-FT,,
http://qudt.org/vocab/unit/PDL-IN,,
http://qudt.org/vocab/unit/PDL-PER-FT2,,
http://qudt.org/vocab/unit/PDL-PER-IN2,,
http://qudt.org/vocab/unit/PER-DAY,,
http://qudt.org/vocab/unit/PER-HR,,
http://qudt.org/vocab/unit/PER-MIN,,
http://qudt.org/vocab/unit/PER-MO,,
http://qudt.org/vocab/unit/PER-MilliSEC,,
http://qudt.org/vocab/unit/PER-SEC,,
http://qudt.org/vocab/unit/PER-WK,,
http://qudt.org/vocab/unit/PER-YR,,
http://qudt.org/vocab/unit/PERCENT,%,bsdd-api
http://qudt.org/vocab/unit/PERCENT-PER-DAY,,
http://qudt.org/vocab/unit/PERCENT-PER-HR,,
http://qudt.org/vocab/unit/PERCENT-PER-MO,,
http://qudt.org/vocab/unit/PERCENT_RH,,
http://qudt.org/vocab/unit/PERMILLE,,
http://qudt.org/vocab/unit/PERMITTIVITY_REL,,
http://qudt.org/vocab/unit/PFERDESTAERKE,,
http://qudt.org/vocab/unit/PHOT,,
http://qudt.org/vocab/unit/PINT,,
http://qudt.org/vocab/unit/PINT_UK,,
http://qudt.org/vocab/unit/PINT_UK-PER-DAY,,
http://qudt.org/vocab/unit/PINT_UK-PER-HR,,
http://qudt.org/vocab/unit/PINT_UK-PER-MIN,,
http://qudt.org/vocab/unit/PINT_UK-PER-SEC,,
http://qudt.org/vocab/unit/PINT_US-PER-DAY,,
http://qudt.org/vocab/unit/PINT_US-PER-HR,,
http://qudt.org/vocab/unit/PINT_US-PER-MIN,,
http://qudt.org/vocab/unit/PINT_US-PER-SEC,,
http://qudt.org/vocab/unit/PK_UK,,
http://qudt.org/vocab/unit/PK_UK-PER-DAY,,
http://qudt.org/vocab/unit/PK_UK-PER-HR,,
http://qudt.org/vocab/unit/PK_UK-PER-MIN,,
http://qudt.org/vocab/unit/PK_UK-PER-SEC,,
http://qudt.org/vocab/unit/PK_US_DRY-PER-DAY,,
http://qudt.org/vocab/unit/PK_US_DRY-PER-HR,,
http://qudt.org/vocab/unit/PK_US_DRY-PER-MIN,,
http://qudt.org/vocab/unit/PK_US_DRY-PER-SEC,,
http://qudt.org/vocab/unit/POISE-PER-BAR,,
http://qudt.org/vocab/unit/POISE-PER-PA,,
http://qudt.org/vocab/unit/PPB,ppb,bsdd-api
http://qudt.org/vocab/unit/PPM,ppm,bsdd-api
http://qudt.org/vocab/unit/PPQ,,
http://qudt.org/vocab/unit/PPT,,
http://qudt.org/vocab/unit/PPTH,,
http://qudt.org/vocab/unit/PPTH-PER-HR,,
http://qudt.org/vocab/unit/PPTM,,
http://qudt.org/vocab/unit/PSI,psi,bsdd-api
http://qudt.org/vocab/unit/PSI-IN3-PER-SEC,,
http://qudt.org/vocab/unit/PSI-L-PER-SEC,,
http://qudt.org/vocab/unit/PSI-M3-PER-SEC,,
http://qudt.org/vocab/unit/PSI-PER-PSI,,
http://qudt.org/vocab/unit/PSI-YD3-PER-SEC,,
http://qudt.org/vocab/unit/PSU,PSU,bsdd-api
http://qudt.org/vocab/unit/PT,pt,bsdd-api
http://qudt.org/vocab/unit/PetaA,,
http://qudt.org/vocab/unit/PetaHZ,,
http://qudt.org/vocab/unit/PetaJ,,
http://qudt.org/vocab/unit/PetaJ-PER-SEC,,
http://qudt.org/vocab/unit/PetaV,,
http://qudt.org/vocab/unit/PetaVA,,
http://qudt.org/vocab/unit/PetaW,,
http://qudt.org/vocab/unit/PicoA,,
http://qudt.org/vocab/unit/PicoCI-PER-L,,
http://qudt.org/vocab/unit/PicoGM-PER-L,,
http://qudt.org/vocab/unit/PicoGM-PER-MilliL,,
http://qudt.org/vocab/unit/PicoJ,,
http://qudt.org/vocab/unit/PicoJ-PER-SEC,,
http://qudt.org/vocab/unit/PicoL,,
http://qudt.org/vocab/unit/PicoM,,
http://qudt.org/vocab/unit/PicoPA,,
http://qudt.org/vocab/unit/PicoSEC,,
http://qudt.org/vocab/unit/PicoV,,
http://qudt.org/vocab/unit/PicoVA,,
http://qudt.org/vocab/unit/PicoVAR,,
http://qudt.org/vocab/unit/PicoW,,
http://qudt.org/vocab/unit/PlanckCurrent,,
http://qudt.org/vocab/unit/PlanckDensity,,
http://qudt.org/vocab/unit/PlanckEnergy,,
http://qudt.org/vocab/unit/PlanckFrequency,,
http://qudt.org/vocab/unit/PlanckLength,,
http://qudt.org/vocab/unit/PlanckPower,,
http://qudt.org/vocab/unit/PlanckPressure,,
http://qudt.org/vocab/unit/PlanckTemperature,,
http://qudt.org/vocab/unit/PlanckTime,,
http://qudt.org/vocab/unit/PlanckVolt,,
http://qudt.org/vocab/unit/PlanckVolume,,
http://qudt.org/vocab/unit/QT_UK,,
http://qudt.org/vocab/unit/QT_UK-PER-DAY,,
http://qudt.org/vocab/unit/QT_UK-PER-HR,,
http://qudt.org/vocab/unit/QT_UK-PER-MIN,,
http://qudt.org/vocab/unit/QT_UK-PER-SEC,,
http://qudt.org/vocab/unit/QT_US,qt,bsdd-api
http://qudt.org/vocab/unit/QT_US-PER-DAY,,
http://qudt.org/vocab/unit/QT_US-PER-HR,,
http://qudt.org/vocab/unit/QT_US-PER-MIN,,
http://qudt.org/vocab/unit/QT_US-PER-SEC,,
http://qudt.org/vocab/unit/QUAD,,
http://qudt.org/vocab/unit/RAD,rad,bsdd-api
http://qudt.org/vocab/unit/RAD-PER-HR,,
http://qudt.org/vocab/unit/RAD-PER-MIN,,
http://qudt.org/vocab/unit/RAD-PER-SEC,rad/s,bsdd-api
http://qudt.org/vocab/unit/REV,,
http://qudt.org/vocab/unit/ROD,,
http://qudt.org/vocab/unit/RPK,,
http://qudt.org/vocab/unit/SAMPLE-PER-SEC,,
http://qudt.org/vocab/unit/SEC,s,bsdd-api
http://qudt.org/vocab/unit/SH,,
http://qudt.org/vocab/unit/SLUG-PER-FT3,,
http://qudt.org/vocab/unit/STANDARD,,
http://qudt.org/vocab/unit/STILB,,
http://qudt.org/vocab/unit/STR,,
http://qudt.org/vocab/unit/SUSCEPTIBILITY_ELEC,,
http://qudt.org/vocab/unit/SUSCEPTIBILITY_MAG,,
http://qudt.org/vocab/unit/TBSP,,
http://qudt.org/vocab/unit/THERM_EC,,
http://qudt.org/vocab/unit/THERM_US,,
http://qudt.org/vocab/unit/THM_EEC,,
http://qudt.org/vocab/unit/THM_US,,
http://qudt.org/vocab/unit/THM_US-PER-HR,,
http://qudt.org/vocab/unit/TOE,,
http://qudt.org/vocab/unit/TONNE-PER-M3,,
http://qudt.org/vocab/unit/TON_FG,tonref,bsdd-api
http://qudt.org/vocab/unit/TON_FG-HR,,
http://qudt.org/vocab/unit/TON_LONG-PER-YD3,,
http://qudt.org/vocab/unit/TON_Metric-PER-M3,,
http://qudt.org/vocab/unit/TON_SHIPPING_UK,,
http://qudt.org/vocab/unit/TON_SHIPPING_US,,
http://qudt.org/vocab/unit/TON_SHORT-PER-YD3,,
http://qudt.org/vocab/unit/TON_UK-PER-YD3,,
http://qudt.org/vocab/unit/TON_US-PER-YD3,,
http://qudt.org/vocab/unit/TORR,,
http://qudt.org/vocab/unit/TSP,,
http://qudt.org/vocab/unit/TeraA,,
http://qudt.org/vocab/unit/TeraHZ,,
http://qudt.org/vocab/unit/TeraJ,,
http://qudt.org/vocab/unit/TeraJ-PER-SEC,,
http://qudt.org/vocab/unit/TeraV,,
http://qudt.org/vocab/unit/TeraVA,,
http://qudt.org/vocab/unit/TeraVAR,,
http://qudt.org/vocab/unit/TeraW,,
http://qudt.org/vocab/unit/TeraW-HR,,
http://qudt.org/vocab/unit/TeraW-HR-PER-YR,,
http://qudt.org/vocab/unit/TonEnergy,,
http://qudt.org/vocab/unit/UNITLESS,,
http://qudt.org/vocab/unit/V,V,bsdd-api
http://qudt.org/vocab/unit/VA,,
http://qudt.org/vocab/unit/VA-HR,,
http://qudt.org/vocab/unit/VAR,,
http://qudt.org/vocab/unit/VAR-HR,,
http://qudt.org/vocab/unit/V_Ab,,
http://qudt.org/vocab/unit/V_Stat,,
http://qudt.org/vocab/unit/W,W,bsdd-api
http://qudt.org/vocab/unit/W-HR,Wh,bsdd-api
http://qudt.org/vocab/unit/W-PER-M2,W/m²,bsdd-api
http://qudt.org/vocab/unit/W-PER-M2-K,W/(m²·K),bsdd-api
http://qudt.org/vocab/unit/W-PER-M2-SR,,
http://qudt.org/vocab/unit/W-SEC,,
http://qudt.org/vocab/unit/WK,,
http://qudt.org/vocab/unit/YD,yd,bsdd-api
http://qudt.org/vocab/unit/YD-PER-HR,,
http://qudt.org/vocab/unit/YD-PER-MIN,,
http://qudt.org/vocab/unit/YD-PER-SEC,,
http://qudt.org/vocab/unit/YD3,yd³,bsdd-api
http://qudt.org/vocab/unit/YD3-PER-DAY,,
http://qudt.org/vocab/unit/YD3-PER-HR,,
http://qudt.org/vocab/unit/YD3-PER-MIN,,
http://qudt.org/vocab/unit/YD3-PER-SEC,,
http://qudt.org/vocab/unit/YR,yr,bsdd-api
http://qudt.org/vocab/unit/YR_Common,,
http://qudt.org/vocab/unit/YR_Metrology,,
http://qudt.org/vocab/unit/YR_Sidereal,,
http://qudt.org/vocab/unit/YR_TROPICAL,,
http://qudt.org/vocab/unit/ZOLL,,
